{"position": [-171.01278714743856, -72.792518295837, 102.90588877234572], "focal_point": [-41.675029577466304, 7.3054431363357, 7.269524589335197], "view_up": [0.41767349486218436, 0.33431577088293224, 0.8448560924965622], "clipping_range": [34.43676532156849, 367.7355224667672], "angle": 30.0}