{"position": [-41.675029577466304, 7.3054431363357, 100.0], "focal_point": [-41.675029577466304, 7.3054431363357, 7.269524589335197], "angle": 60.0, "ambient_color": [1,1,1], "diffuse_color": [1,1,1], "specular_color": [1,1,1], "intensity": 1.0 }
